{
  "Version": 1,
  "Hash": "uNzrZAKa4MoUwTGo6MK4ZHDAM6tuCInEigT0w06n/bs=",
  "Source": "PortfolioSite",
  "BasePath": "_content/PortfolioSite",
  "Mode": "Default",
  "ManifestType": "Publish",
  "ReferencedProjectsConfiguration": [],
  "DiscoveryPatterns": [
    {
      "Name": "PortfolioSite\\wwwroot",
      "Source": "PortfolioSite",
      "ContentRoot": "C:\\Users\\Jacob Artis\\Documents\\PortfolioSite\\wwwroot\\",
      "BasePath": "_content/PortfolioSite",
      "Pattern": "**"
    }
  ],
  "Assets": [
    {
      "Identity": "C:\\Users\\Jacob Artis\\Documents\\PortfolioSite\\obj\\Release\\net8.0\\linux-x64\\scopedcss\\bundle\\PortfolioSite.styles.css",
      "SourceId": "PortfolioSite",
      "SourceType": "Computed",
      "ContentRoot": "C:\\Users\\Jacob Artis\\Documents\\PortfolioSite\\obj\\Release\\net8.0\\linux-x64\\scopedcss\\bundle\\",
      "BasePath": "_content/PortfolioSite",
      "RelativePath": "PortfolioSite.styles.css",
      "AssetKind": "All",
      "AssetMode": "CurrentProject",
      "AssetRole": "Primary",
      "AssetMergeBehavior": "",
      "AssetMergeSource": "",
      "RelatedAsset": "",
      "AssetTraitName": "ScopedCss",
      "AssetTraitValue": "ApplicationBundle",
      "CopyToOutputDirectory": "Never",
      "CopyToPublishDirectory": "PreserveNewest",
      "OriginalItemSpec": "C:\\Users\\Jacob Artis\\Documents\\PortfolioSite\\obj\\Release\\net8.0\\linux-x64\\scopedcss\\bundle\\PortfolioSite.styles.css"
    },
    {
      "Identity": "C:\\Users\\Jacob Artis\\Documents\\PortfolioSite\\obj\\Release\\net8.0\\linux-x64\\scopedcss\\projectbundle\\PortfolioSite.bundle.scp.css",
      "SourceId": "PortfolioSite",
      "SourceType": "Computed",
      "ContentRoot": "C:\\Users\\Jacob Artis\\Documents\\PortfolioSite\\obj\\Release\\net8.0\\linux-x64\\scopedcss\\projectbundle\\",
      "BasePath": "_content/PortfolioSite",
      "RelativePath": "PortfolioSite.bundle.scp.css",
      "AssetKind": "All",
      "AssetMode": "Reference",
      "AssetRole": "Primary",
      "AssetMergeBehavior": "",
      "AssetMergeSource": "",
      "RelatedAsset": "",
      "AssetTraitName": "ScopedCss",
      "AssetTraitValue": "ProjectBundle",
      "CopyToOutputDirectory": "Never",
      "CopyToPublishDirectory": "PreserveNewest",
      "OriginalItemSpec": "C:\\Users\\Jacob Artis\\Documents\\PortfolioSite\\obj\\Release\\net8.0\\linux-x64\\scopedcss\\projectbundle\\PortfolioSite.bundle.scp.css"
    },
    {
      "Identity": "C:\\Users\\Jacob Artis\\Documents\\PortfolioSite\\wwwroot\\CADLanguage.png",
      "SourceId": "PortfolioSite",
      "SourceType": "Discovered",
      "ContentRoot": "C:\\Users\\Jacob Artis\\Documents\\PortfolioSite\\wwwroot\\",
      "BasePath": "_content/PortfolioSite",
      "RelativePath": "CADLanguage.png",
      "AssetKind": "All",
      "AssetMode": "All",
      "AssetRole": "Primary",
      "AssetMergeBehavior": "PreferTarget",
      "AssetMergeSource": "",
      "RelatedAsset": "",
      "AssetTraitName": "",
      "AssetTraitValue": "",
      "CopyToOutputDirectory": "Never",
      "CopyToPublishDirectory": "PreserveNewest",
      "OriginalItemSpec": "wwwroot\\CADLanguage.png"
    },
    {
      "Identity": "C:\\Users\\Jacob Artis\\Documents\\PortfolioSite\\wwwroot\\css\\index.css",
      "SourceId": "PortfolioSite",
      "SourceType": "Discovered",
      "ContentRoot": "C:\\Users\\Jacob Artis\\Documents\\PortfolioSite\\wwwroot\\",
      "BasePath": "_content/PortfolioSite",
      "RelativePath": "css/index.css",
      "AssetKind": "All",
      "AssetMode": "All",
      "AssetRole": "Primary",
      "AssetMergeBehavior": "PreferTarget",
      "AssetMergeSource": "",
      "RelatedAsset": "",
      "AssetTraitName": "",
      "AssetTraitValue": "",
      "CopyToOutputDirectory": "Never",
      "CopyToPublishDirectory": "PreserveNewest",
      "OriginalItemSpec": "wwwroot\\css\\index.css"
    },
    {
      "Identity": "C:\\Users\\Jacob Artis\\Documents\\PortfolioSite\\wwwroot\\css\\site.css",
      "SourceId": "PortfolioSite",
      "SourceType": "Discovered",
      "ContentRoot": "C:\\Users\\Jacob Artis\\Documents\\PortfolioSite\\wwwroot\\",
      "BasePath": "_content/PortfolioSite",
      "RelativePath": "css/site.css",
      "AssetKind": "All",
      "AssetMode": "All",
      "AssetRole": "Primary",
      "AssetMergeBehavior": "PreferTarget",
      "AssetMergeSource": "",
      "RelatedAsset": "",
      "AssetTraitName": "",
      "AssetTraitValue": "",
      "CopyToOutputDirectory": "Never",
      "CopyToPublishDirectory": "PreserveNewest",
      "OriginalItemSpec": "wwwroot\\css\\site.css"
    },
    {
      "Identity": "C:\\Users\\Jacob Artis\\Documents\\PortfolioSite\\wwwroot\\favicon.ico",
      "SourceId": "PortfolioSite",
      "SourceType": "Discovered",
      "ContentRoot": "C:\\Users\\Jacob Artis\\Documents\\PortfolioSite\\wwwroot\\",
      "BasePath": "_content/PortfolioSite",
      "RelativePath": "favicon.ico",
      "AssetKind": "All",
      "AssetMode": "All",
      "AssetRole": "Primary",
      "AssetMergeBehavior": "PreferTarget",
      "AssetMergeSource": "",
      "RelatedAsset": "",
      "AssetTraitName": "",
      "AssetTraitValue": "",
      "CopyToOutputDirectory": "Never",
      "CopyToPublishDirectory": "PreserveNewest",
      "OriginalItemSpec": "wwwroot\\favicon.ico"
    },
    {
      "Identity": "C:\\Users\\Jacob Artis\\Documents\\PortfolioSite\\wwwroot\\galaxy-bg.jpg",
      "SourceId": "PortfolioSite",
      "SourceType": "Discovered",
      "ContentRoot": "C:\\Users\\Jacob Artis\\Documents\\PortfolioSite\\wwwroot\\",
      "BasePath": "_content/PortfolioSite",
      "RelativePath": "galaxy-bg.jpg",
      "AssetKind": "All",
      "AssetMode": "All",
      "AssetRole": "Primary",
      "AssetMergeBehavior": "PreferTarget",
      "AssetMergeSource": "",
      "RelatedAsset": "",
      "AssetTraitName": "",
      "AssetTraitValue": "",
      "CopyToOutputDirectory": "Never",
      "CopyToPublishDirectory": "PreserveNewest",
      "OriginalItemSpec": "wwwroot\\galaxy-bg.jpg"
    },
    {
      "Identity": "C:\\Users\\Jacob Artis\\Documents\\PortfolioSite\\wwwroot\\galaxy-bg2.jpg",
      "SourceId": "PortfolioSite",
      "SourceType": "Discovered",
      "ContentRoot": "C:\\Users\\Jacob Artis\\Documents\\PortfolioSite\\wwwroot\\",
      "BasePath": "_content/PortfolioSite",
      "RelativePath": "galaxy-bg2.jpg",
      "AssetKind": "All",
      "AssetMode": "All",
      "AssetRole": "Primary",
      "AssetMergeBehavior": "PreferTarget",
      "AssetMergeSource": "",
      "RelatedAsset": "",
      "AssetTraitName": "",
      "AssetTraitValue": "",
      "CopyToOutputDirectory": "Never",
      "CopyToPublishDirectory": "PreserveNewest",
      "OriginalItemSpec": "wwwroot\\galaxy-bg2.jpg"
    },
    {
      "Identity": "C:\\Users\\Jacob Artis\\Documents\\PortfolioSite\\wwwroot\\GoFish.jpg",
      "SourceId": "PortfolioSite",
      "SourceType": "Discovered",
      "ContentRoot": "C:\\Users\\Jacob Artis\\Documents\\PortfolioSite\\wwwroot\\",
      "BasePath": "_content/PortfolioSite",
      "RelativePath": "GoFish.jpg",
      "AssetKind": "All",
      "AssetMode": "All",
      "AssetRole": "Primary",
      "AssetMergeBehavior": "PreferTarget",
      "AssetMergeSource": "",
      "RelatedAsset": "",
      "AssetTraitName": "",
      "AssetTraitValue": "",
      "CopyToOutputDirectory": "Never",
      "CopyToPublishDirectory": "PreserveNewest",
      "OriginalItemSpec": "wwwroot\\GoFish.jpg"
    },
    {
      "Identity": "C:\\Users\\Jacob Artis\\Documents\\PortfolioSite\\wwwroot\\jacob-img.jpg",
      "SourceId": "PortfolioSite",
      "SourceType": "Discovered",
      "ContentRoot": "C:\\Users\\Jacob Artis\\Documents\\PortfolioSite\\wwwroot\\",
      "BasePath": "_content/PortfolioSite",
      "RelativePath": "jacob-img.jpg",
      "AssetKind": "All",
      "AssetMode": "All",
      "AssetRole": "Primary",
      "AssetMergeBehavior": "PreferTarget",
      "AssetMergeSource": "",
      "RelatedAsset": "",
      "AssetTraitName": "",
      "AssetTraitValue": "",
      "CopyToOutputDirectory": "Never",
      "CopyToPublishDirectory": "PreserveNewest",
      "OriginalItemSpec": "wwwroot\\jacob-img.jpg"
    },
    {
      "Identity": "C:\\Users\\Jacob Artis\\Documents\\PortfolioSite\\wwwroot\\JacobArtis-CV.pdf",
      "SourceId": "PortfolioSite",
      "SourceType": "Discovered",
      "ContentRoot": "C:\\Users\\Jacob Artis\\Documents\\PortfolioSite\\wwwroot\\",
      "BasePath": "_content/PortfolioSite",
      "RelativePath": "JacobArtis-CV.pdf",
      "AssetKind": "All",
      "AssetMode": "All",
      "AssetRole": "Primary",
      "AssetMergeBehavior": "PreferTarget",
      "AssetMergeSource": "",
      "RelatedAsset": "",
      "AssetTraitName": "",
      "AssetTraitValue": "",
      "CopyToOutputDirectory": "Never",
      "CopyToPublishDirectory": "PreserveNewest",
      "OriginalItemSpec": "wwwroot\\JacobArtis-CV.pdf"
    },
    {
      "Identity": "C:\\Users\\Jacob Artis\\Documents\\PortfolioSite\\wwwroot\\js\\copy.js",
      "SourceId": "PortfolioSite",
      "SourceType": "Discovered",
      "ContentRoot": "C:\\Users\\Jacob Artis\\Documents\\PortfolioSite\\wwwroot\\",
      "BasePath": "_content/PortfolioSite",
      "RelativePath": "js/copy.js",
      "AssetKind": "All",
      "AssetMode": "All",
      "AssetRole": "Primary",
      "AssetMergeBehavior": "PreferTarget",
      "AssetMergeSource": "",
      "RelatedAsset": "",
      "AssetTraitName": "",
      "AssetTraitValue": "",
      "CopyToOutputDirectory": "Never",
      "CopyToPublishDirectory": "PreserveNewest",
      "OriginalItemSpec": "wwwroot\\js\\copy.js"
    },
    {
      "Identity": "C:\\Users\\Jacob Artis\\Documents\\PortfolioSite\\wwwroot\\js\\cursor.js",
      "SourceId": "PortfolioSite",
      "SourceType": "Discovered",
      "ContentRoot": "C:\\Users\\Jacob Artis\\Documents\\PortfolioSite\\wwwroot\\",
      "BasePath": "_content/PortfolioSite",
      "RelativePath": "js/cursor.js",
      "AssetKind": "All",
      "AssetMode": "All",
      "AssetRole": "Primary",
      "AssetMergeBehavior": "PreferTarget",
      "AssetMergeSource": "",
      "RelatedAsset": "",
      "AssetTraitName": "",
      "AssetTraitValue": "",
      "CopyToOutputDirectory": "Never",
      "CopyToPublishDirectory": "PreserveNewest",
      "OriginalItemSpec": "wwwroot\\js\\cursor.js"
    },
    {
      "Identity": "C:\\Users\\Jacob Artis\\Documents\\PortfolioSite\\wwwroot\\js\\guardRails.js",
      "SourceId": "PortfolioSite",
      "SourceType": "Discovered",
      "ContentRoot": "C:\\Users\\Jacob Artis\\Documents\\PortfolioSite\\wwwroot\\",
      "BasePath": "_content/PortfolioSite",
      "RelativePath": "js/guardRails.js",
      "AssetKind": "All",
      "AssetMode": "All",
      "AssetRole": "Primary",
      "AssetMergeBehavior": "PreferTarget",
      "AssetMergeSource": "",
      "RelatedAsset": "",
      "AssetTraitName": "",
      "AssetTraitValue": "",
      "CopyToOutputDirectory": "Never",
      "CopyToPublishDirectory": "PreserveNewest",
      "OriginalItemSpec": "wwwroot\\js\\guardRails.js"
    },
    {
      "Identity": "C:\\Users\\Jacob Artis\\Documents\\PortfolioSite\\wwwroot\\js\\section-scroll.js",
      "SourceId": "PortfolioSite",
      "SourceType": "Discovered",
      "ContentRoot": "C:\\Users\\Jacob Artis\\Documents\\PortfolioSite\\wwwroot\\",
      "BasePath": "_content/PortfolioSite",
      "RelativePath": "js/section-scroll.js",
      "AssetKind": "All",
      "AssetMode": "All",
      "AssetRole": "Primary",
      "AssetMergeBehavior": "PreferTarget",
      "AssetMergeSource": "",
      "RelatedAsset": "",
      "AssetTraitName": "",
      "AssetTraitValue": "",
      "CopyToOutputDirectory": "Never",
      "CopyToPublishDirectory": "PreserveNewest",
      "OriginalItemSpec": "wwwroot\\js\\section-scroll.js"
    },
    {
      "Identity": "C:\\Users\\Jacob Artis\\Documents\\PortfolioSite\\wwwroot\\js\\site.js",
      "SourceId": "PortfolioSite",
      "SourceType": "Discovered",
      "ContentRoot": "C:\\Users\\Jacob Artis\\Documents\\PortfolioSite\\wwwroot\\",
      "BasePath": "_content/PortfolioSite",
      "RelativePath": "js/site.js",
      "AssetKind": "All",
      "AssetMode": "All",
      "AssetRole": "Primary",
      "AssetMergeBehavior": "PreferTarget",
      "AssetMergeSource": "",
      "RelatedAsset": "",
      "AssetTraitName": "",
      "AssetTraitValue": "",
      "CopyToOutputDirectory": "Never",
      "CopyToPublishDirectory": "PreserveNewest",
      "OriginalItemSpec": "wwwroot\\js\\site.js"
    },
    {
      "Identity": "C:\\Users\\Jacob Artis\\Documents\\PortfolioSite\\wwwroot\\js\\swiper.js",
      "SourceId": "PortfolioSite",
      "SourceType": "Discovered",
      "ContentRoot": "C:\\Users\\Jacob Artis\\Documents\\PortfolioSite\\wwwroot\\",
      "BasePath": "_content/PortfolioSite",
      "RelativePath": "js/swiper.js",
      "AssetKind": "All",
      "AssetMode": "All",
      "AssetRole": "Primary",
      "AssetMergeBehavior": "PreferTarget",
      "AssetMergeSource": "",
      "RelatedAsset": "",
      "AssetTraitName": "",
      "AssetTraitValue": "",
      "CopyToOutputDirectory": "Never",
      "CopyToPublishDirectory": "PreserveNewest",
      "OriginalItemSpec": "wwwroot\\js\\swiper.js"
    },
    {
      "Identity": "C:\\Users\\Jacob Artis\\Documents\\PortfolioSite\\wwwroot\\lib\\bootstrap\\dist\\css\\bootstrap-grid.css",
      "SourceId": "PortfolioSite",
      "SourceType": "Discovered",
      "ContentRoot": "C:\\Users\\Jacob Artis\\Documents\\PortfolioSite\\wwwroot\\",
      "BasePath": "_content/PortfolioSite",
      "RelativePath": "lib/bootstrap/dist/css/bootstrap-grid.css",
      "AssetKind": "All",
      "AssetMode": "All",
      "AssetRole": "Primary",
      "AssetMergeBehavior": "PreferTarget",
      "AssetMergeSource": "",
      "RelatedAsset": "",
      "AssetTraitName": "",
      "AssetTraitValue": "",
      "CopyToOutputDirectory": "Never",
      "CopyToPublishDirectory": "PreserveNewest",
      "OriginalItemSpec": "wwwroot\\lib\\bootstrap\\dist\\css\\bootstrap-grid.css"
    },
    {
      "Identity": "C:\\Users\\Jacob Artis\\Documents\\PortfolioSite\\wwwroot\\lib\\bootstrap\\dist\\css\\bootstrap-grid.css.map",
      "SourceId": "PortfolioSite",
      "SourceType": "Discovered",
      "ContentRoot": "C:\\Users\\Jacob Artis\\Documents\\PortfolioSite\\wwwroot\\",
      "BasePath": "_content/PortfolioSite",
      "RelativePath": "lib/bootstrap/dist/css/bootstrap-grid.css.map",
      "AssetKind": "All",
      "AssetMode": "All",
      "AssetRole": "Primary",
      "AssetMergeBehavior": "PreferTarget",
      "AssetMergeSource": "",
      "RelatedAsset": "",
      "AssetTraitName": "",
      "AssetTraitValue": "",
      "CopyToOutputDirectory": "Never",
      "CopyToPublishDirectory": "PreserveNewest",
      "OriginalItemSpec": "wwwroot\\lib\\bootstrap\\dist\\css\\bootstrap-grid.css.map"
    },
    {
      "Identity": "C:\\Users\\Jacob Artis\\Documents\\PortfolioSite\\wwwroot\\lib\\bootstrap\\dist\\css\\bootstrap-grid.min.css",
      "SourceId": "PortfolioSite",
      "SourceType": "Discovered",
      "ContentRoot": "C:\\Users\\Jacob Artis\\Documents\\PortfolioSite\\wwwroot\\",
      "BasePath": "_content/PortfolioSite",
      "RelativePath": "lib/bootstrap/dist/css/bootstrap-grid.min.css",
      "AssetKind": "All",
      "AssetMode": "All",
      "AssetRole": "Primary",
      "AssetMergeBehavior": "PreferTarget",
      "AssetMergeSource": "",
      "RelatedAsset": "",
      "AssetTraitName": "",
      "AssetTraitValue": "",
      "CopyToOutputDirectory": "Never",
      "CopyToPublishDirectory": "PreserveNewest",
      "OriginalItemSpec": "wwwroot\\lib\\bootstrap\\dist\\css\\bootstrap-grid.min.css"
    },
    {
      "Identity": "C:\\Users\\Jacob Artis\\Documents\\PortfolioSite\\wwwroot\\lib\\bootstrap\\dist\\css\\bootstrap-grid.min.css.map",
      "SourceId": "PortfolioSite",
      "SourceType": "Discovered",
      "ContentRoot": "C:\\Users\\Jacob Artis\\Documents\\PortfolioSite\\wwwroot\\",
      "BasePath": "_content/PortfolioSite",
      "RelativePath": "lib/bootstrap/dist/css/bootstrap-grid.min.css.map",
      "AssetKind": "All",
      "AssetMode": "All",
      "AssetRole": "Primary",
      "AssetMergeBehavior": "PreferTarget",
      "AssetMergeSource": "",
      "RelatedAsset": "",
      "AssetTraitName": "",
      "AssetTraitValue": "",
      "CopyToOutputDirectory": "Never",
      "CopyToPublishDirectory": "PreserveNewest",
      "OriginalItemSpec": "wwwroot\\lib\\bootstrap\\dist\\css\\bootstrap-grid.min.css.map"
    },
    {
      "Identity": "C:\\Users\\Jacob Artis\\Documents\\PortfolioSite\\wwwroot\\lib\\bootstrap\\dist\\css\\bootstrap-grid.rtl.css",
      "SourceId": "PortfolioSite",
      "SourceType": "Discovered",
      "ContentRoot": "C:\\Users\\Jacob Artis\\Documents\\PortfolioSite\\wwwroot\\",
      "BasePath": "_content/PortfolioSite",
      "RelativePath": "lib/bootstrap/dist/css/bootstrap-grid.rtl.css",
      "AssetKind": "All",
      "AssetMode": "All",
      "AssetRole": "Primary",
      "AssetMergeBehavior": "PreferTarget",
      "AssetMergeSource": "",
      "RelatedAsset": "",
      "AssetTraitName": "",
      "AssetTraitValue": "",
      "CopyToOutputDirectory": "Never",
      "CopyToPublishDirectory": "PreserveNewest",
      "OriginalItemSpec": "wwwroot\\lib\\bootstrap\\dist\\css\\bootstrap-grid.rtl.css"
    },
    {
      "Identity": "C:\\Users\\Jacob Artis\\Documents\\PortfolioSite\\wwwroot\\lib\\bootstrap\\dist\\css\\bootstrap-grid.rtl.css.map",
      "SourceId": "PortfolioSite",
      "SourceType": "Discovered",
      "ContentRoot": "C:\\Users\\Jacob Artis\\Documents\\PortfolioSite\\wwwroot\\",
      "BasePath": "_content/PortfolioSite",
      "RelativePath": "lib/bootstrap/dist/css/bootstrap-grid.rtl.css.map",
      "AssetKind": "All",
      "AssetMode": "All",
      "AssetRole": "Primary",
      "AssetMergeBehavior": "PreferTarget",
      "AssetMergeSource": "",
      "RelatedAsset": "",
      "AssetTraitName": "",
      "AssetTraitValue": "",
      "CopyToOutputDirectory": "Never",
      "CopyToPublishDirectory": "PreserveNewest",
      "OriginalItemSpec": "wwwroot\\lib\\bootstrap\\dist\\css\\bootstrap-grid.rtl.css.map"
    },
    {
      "Identity": "C:\\Users\\Jacob Artis\\Documents\\PortfolioSite\\wwwroot\\lib\\bootstrap\\dist\\css\\bootstrap-grid.rtl.min.css",
      "SourceId": "PortfolioSite",
      "SourceType": "Discovered",
      "ContentRoot": "C:\\Users\\Jacob Artis\\Documents\\PortfolioSite\\wwwroot\\",
      "BasePath": "_content/PortfolioSite",
      "RelativePath": "lib/bootstrap/dist/css/bootstrap-grid.rtl.min.css",
      "AssetKind": "All",
      "AssetMode": "All",
      "AssetRole": "Primary",
      "AssetMergeBehavior": "PreferTarget",
      "AssetMergeSource": "",
      "RelatedAsset": "",
      "AssetTraitName": "",
      "AssetTraitValue": "",
      "CopyToOutputDirectory": "Never",
      "CopyToPublishDirectory": "PreserveNewest",
      "OriginalItemSpec": "wwwroot\\lib\\bootstrap\\dist\\css\\bootstrap-grid.rtl.min.css"
    },
    {
      "Identity": "C:\\Users\\Jacob Artis\\Documents\\PortfolioSite\\wwwroot\\lib\\bootstrap\\dist\\css\\bootstrap-grid.rtl.min.css.map",
      "SourceId": "PortfolioSite",
      "SourceType": "Discovered",
      "ContentRoot": "C:\\Users\\Jacob Artis\\Documents\\PortfolioSite\\wwwroot\\",
      "BasePath": "_content/PortfolioSite",
      "RelativePath": "lib/bootstrap/dist/css/bootstrap-grid.rtl.min.css.map",
      "AssetKind": "All",
      "AssetMode": "All",
      "AssetRole": "Primary",
      "AssetMergeBehavior": "PreferTarget",
      "AssetMergeSource": "",
      "RelatedAsset": "",
      "AssetTraitName": "",
      "AssetTraitValue": "",
      "CopyToOutputDirectory": "Never",
      "CopyToPublishDirectory": "PreserveNewest",
      "OriginalItemSpec": "wwwroot\\lib\\bootstrap\\dist\\css\\bootstrap-grid.rtl.min.css.map"
    },
    {
      "Identity": "C:\\Users\\Jacob Artis\\Documents\\PortfolioSite\\wwwroot\\lib\\bootstrap\\dist\\css\\bootstrap-reboot.css",
      "SourceId": "PortfolioSite",
      "SourceType": "Discovered",
      "ContentRoot": "C:\\Users\\Jacob Artis\\Documents\\PortfolioSite\\wwwroot\\",
      "BasePath": "_content/PortfolioSite",
      "RelativePath": "lib/bootstrap/dist/css/bootstrap-reboot.css",
      "AssetKind": "All",
      "AssetMode": "All",
      "AssetRole": "Primary",
      "AssetMergeBehavior": "PreferTarget",
      "AssetMergeSource": "",
      "RelatedAsset": "",
      "AssetTraitName": "",
      "AssetTraitValue": "",
      "CopyToOutputDirectory": "Never",
      "CopyToPublishDirectory": "PreserveNewest",
      "OriginalItemSpec": "wwwroot\\lib\\bootstrap\\dist\\css\\bootstrap-reboot.css"
    },
    {
      "Identity": "C:\\Users\\Jacob Artis\\Documents\\PortfolioSite\\wwwroot\\lib\\bootstrap\\dist\\css\\bootstrap-reboot.css.map",
      "SourceId": "PortfolioSite",
      "SourceType": "Discovered",
      "ContentRoot": "C:\\Users\\Jacob Artis\\Documents\\PortfolioSite\\wwwroot\\",
      "BasePath": "_content/PortfolioSite",
      "RelativePath": "lib/bootstrap/dist/css/bootstrap-reboot.css.map",
      "AssetKind": "All",
      "AssetMode": "All",
      "AssetRole": "Primary",
      "AssetMergeBehavior": "PreferTarget",
      "AssetMergeSource": "",
      "RelatedAsset": "",
      "AssetTraitName": "",
      "AssetTraitValue": "",
      "CopyToOutputDirectory": "Never",
      "CopyToPublishDirectory": "PreserveNewest",
      "OriginalItemSpec": "wwwroot\\lib\\bootstrap\\dist\\css\\bootstrap-reboot.css.map"
    },
    {
      "Identity": "C:\\Users\\Jacob Artis\\Documents\\PortfolioSite\\wwwroot\\lib\\bootstrap\\dist\\css\\bootstrap-reboot.min.css",
      "SourceId": "PortfolioSite",
      "SourceType": "Discovered",
      "ContentRoot": "C:\\Users\\Jacob Artis\\Documents\\PortfolioSite\\wwwroot\\",
      "BasePath": "_content/PortfolioSite",
      "RelativePath": "lib/bootstrap/dist/css/bootstrap-reboot.min.css",
      "AssetKind": "All",
      "AssetMode": "All",
      "AssetRole": "Primary",
      "AssetMergeBehavior": "PreferTarget",
      "AssetMergeSource": "",
      "RelatedAsset": "",
      "AssetTraitName": "",
      "AssetTraitValue": "",
      "CopyToOutputDirectory": "Never",
      "CopyToPublishDirectory": "PreserveNewest",
      "OriginalItemSpec": "wwwroot\\lib\\bootstrap\\dist\\css\\bootstrap-reboot.min.css"
    },
    {
      "Identity": "C:\\Users\\Jacob Artis\\Documents\\PortfolioSite\\wwwroot\\lib\\bootstrap\\dist\\css\\bootstrap-reboot.min.css.map",
      "SourceId": "PortfolioSite",
      "SourceType": "Discovered",
      "ContentRoot": "C:\\Users\\Jacob Artis\\Documents\\PortfolioSite\\wwwroot\\",
      "BasePath": "_content/PortfolioSite",
      "RelativePath": "lib/bootstrap/dist/css/bootstrap-reboot.min.css.map",
      "AssetKind": "All",
      "AssetMode": "All",
      "AssetRole": "Primary",
      "AssetMergeBehavior": "PreferTarget",
      "AssetMergeSource": "",
      "RelatedAsset": "",
      "AssetTraitName": "",
      "AssetTraitValue": "",
      "CopyToOutputDirectory": "Never",
      "CopyToPublishDirectory": "PreserveNewest",
      "OriginalItemSpec": "wwwroot\\lib\\bootstrap\\dist\\css\\bootstrap-reboot.min.css.map"
    },
    {
      "Identity": "C:\\Users\\Jacob Artis\\Documents\\PortfolioSite\\wwwroot\\lib\\bootstrap\\dist\\css\\bootstrap-reboot.rtl.css",
      "SourceId": "PortfolioSite",
      "SourceType": "Discovered",
      "ContentRoot": "C:\\Users\\Jacob Artis\\Documents\\PortfolioSite\\wwwroot\\",
      "BasePath": "_content/PortfolioSite",
      "RelativePath": "lib/bootstrap/dist/css/bootstrap-reboot.rtl.css",
      "AssetKind": "All",
      "AssetMode": "All",
      "AssetRole": "Primary",
      "AssetMergeBehavior": "PreferTarget",
      "AssetMergeSource": "",
      "RelatedAsset": "",
      "AssetTraitName": "",
      "AssetTraitValue": "",
      "CopyToOutputDirectory": "Never",
      "CopyToPublishDirectory": "PreserveNewest",
      "OriginalItemSpec": "wwwroot\\lib\\bootstrap\\dist\\css\\bootstrap-reboot.rtl.css"
    },
    {
      "Identity": "C:\\Users\\Jacob Artis\\Documents\\PortfolioSite\\wwwroot\\lib\\bootstrap\\dist\\css\\bootstrap-reboot.rtl.css.map",
      "SourceId": "PortfolioSite",
      "SourceType": "Discovered",
      "ContentRoot": "C:\\Users\\Jacob Artis\\Documents\\PortfolioSite\\wwwroot\\",
      "BasePath": "_content/PortfolioSite",
      "RelativePath": "lib/bootstrap/dist/css/bootstrap-reboot.rtl.css.map",
      "AssetKind": "All",
      "AssetMode": "All",
      "AssetRole": "Primary",
      "AssetMergeBehavior": "PreferTarget",
      "AssetMergeSource": "",
      "RelatedAsset": "",
      "AssetTraitName": "",
      "AssetTraitValue": "",
      "CopyToOutputDirectory": "Never",
      "CopyToPublishDirectory": "PreserveNewest",
      "OriginalItemSpec": "wwwroot\\lib\\bootstrap\\dist\\css\\bootstrap-reboot.rtl.css.map"
    },
    {
      "Identity": "C:\\Users\\Jacob Artis\\Documents\\PortfolioSite\\wwwroot\\lib\\bootstrap\\dist\\css\\bootstrap-reboot.rtl.min.css",
      "SourceId": "PortfolioSite",
      "SourceType": "Discovered",
      "ContentRoot": "C:\\Users\\Jacob Artis\\Documents\\PortfolioSite\\wwwroot\\",
      "BasePath": "_content/PortfolioSite",
      "RelativePath": "lib/bootstrap/dist/css/bootstrap-reboot.rtl.min.css",
      "AssetKind": "All",
      "AssetMode": "All",
      "AssetRole": "Primary",
      "AssetMergeBehavior": "PreferTarget",
      "AssetMergeSource": "",
      "RelatedAsset": "",
      "AssetTraitName": "",
      "AssetTraitValue": "",
      "CopyToOutputDirectory": "Never",
      "CopyToPublishDirectory": "PreserveNewest",
      "OriginalItemSpec": "wwwroot\\lib\\bootstrap\\dist\\css\\bootstrap-reboot.rtl.min.css"
    },
    {
      "Identity": "C:\\Users\\Jacob Artis\\Documents\\PortfolioSite\\wwwroot\\lib\\bootstrap\\dist\\css\\bootstrap-reboot.rtl.min.css.map",
      "SourceId": "PortfolioSite",
      "SourceType": "Discovered",
      "ContentRoot": "C:\\Users\\Jacob Artis\\Documents\\PortfolioSite\\wwwroot\\",
      "BasePath": "_content/PortfolioSite",
      "RelativePath": "lib/bootstrap/dist/css/bootstrap-reboot.rtl.min.css.map",
      "AssetKind": "All",
      "AssetMode": "All",
      "AssetRole": "Primary",
      "AssetMergeBehavior": "PreferTarget",
      "AssetMergeSource": "",
      "RelatedAsset": "",
      "AssetTraitName": "",
      "AssetTraitValue": "",
      "CopyToOutputDirectory": "Never",
      "CopyToPublishDirectory": "PreserveNewest",
      "OriginalItemSpec": "wwwroot\\lib\\bootstrap\\dist\\css\\bootstrap-reboot.rtl.min.css.map"
    },
    {
      "Identity": "C:\\Users\\Jacob Artis\\Documents\\PortfolioSite\\wwwroot\\lib\\bootstrap\\dist\\css\\bootstrap-utilities.css",
      "SourceId": "PortfolioSite",
      "SourceType": "Discovered",
      "ContentRoot": "C:\\Users\\Jacob Artis\\Documents\\PortfolioSite\\wwwroot\\",
      "BasePath": "_content/PortfolioSite",
      "RelativePath": "lib/bootstrap/dist/css/bootstrap-utilities.css",
      "AssetKind": "All",
      "AssetMode": "All",
      "AssetRole": "Primary",
      "AssetMergeBehavior": "PreferTarget",
      "AssetMergeSource": "",
      "RelatedAsset": "",
      "AssetTraitName": "",
      "AssetTraitValue": "",
      "CopyToOutputDirectory": "Never",
      "CopyToPublishDirectory": "PreserveNewest",
      "OriginalItemSpec": "wwwroot\\lib\\bootstrap\\dist\\css\\bootstrap-utilities.css"
    },
    {
      "Identity": "C:\\Users\\Jacob Artis\\Documents\\PortfolioSite\\wwwroot\\lib\\bootstrap\\dist\\css\\bootstrap-utilities.css.map",
      "SourceId": "PortfolioSite",
      "SourceType": "Discovered",
      "ContentRoot": "C:\\Users\\Jacob Artis\\Documents\\PortfolioSite\\wwwroot\\",
      "BasePath": "_content/PortfolioSite",
      "RelativePath": "lib/bootstrap/dist/css/bootstrap-utilities.css.map",
      "AssetKind": "All",
      "AssetMode": "All",
      "AssetRole": "Primary",
      "AssetMergeBehavior": "PreferTarget",
      "AssetMergeSource": "",
      "RelatedAsset": "",
      "AssetTraitName": "",
      "AssetTraitValue": "",
      "CopyToOutputDirectory": "Never",
      "CopyToPublishDirectory": "PreserveNewest",
      "OriginalItemSpec": "wwwroot\\lib\\bootstrap\\dist\\css\\bootstrap-utilities.css.map"
    },
    {
      "Identity": "C:\\Users\\Jacob Artis\\Documents\\PortfolioSite\\wwwroot\\lib\\bootstrap\\dist\\css\\bootstrap-utilities.min.css",
      "SourceId": "PortfolioSite",
      "SourceType": "Discovered",
      "ContentRoot": "C:\\Users\\Jacob Artis\\Documents\\PortfolioSite\\wwwroot\\",
      "BasePath": "_content/PortfolioSite",
      "RelativePath": "lib/bootstrap/dist/css/bootstrap-utilities.min.css",
      "AssetKind": "All",
      "AssetMode": "All",
      "AssetRole": "Primary",
      "AssetMergeBehavior": "PreferTarget",
      "AssetMergeSource": "",
      "RelatedAsset": "",
      "AssetTraitName": "",
      "AssetTraitValue": "",
      "CopyToOutputDirectory": "Never",
      "CopyToPublishDirectory": "PreserveNewest",
      "OriginalItemSpec": "wwwroot\\lib\\bootstrap\\dist\\css\\bootstrap-utilities.min.css"
    },
    {
      "Identity": "C:\\Users\\Jacob Artis\\Documents\\PortfolioSite\\wwwroot\\lib\\bootstrap\\dist\\css\\bootstrap-utilities.min.css.map",
      "SourceId": "PortfolioSite",
      "SourceType": "Discovered",
      "ContentRoot": "C:\\Users\\Jacob Artis\\Documents\\PortfolioSite\\wwwroot\\",
      "BasePath": "_content/PortfolioSite",
      "RelativePath": "lib/bootstrap/dist/css/bootstrap-utilities.min.css.map",
      "AssetKind": "All",
      "AssetMode": "All",
      "AssetRole": "Primary",
      "AssetMergeBehavior": "PreferTarget",
      "AssetMergeSource": "",
      "RelatedAsset": "",
      "AssetTraitName": "",
      "AssetTraitValue": "",
      "CopyToOutputDirectory": "Never",
      "CopyToPublishDirectory": "PreserveNewest",
      "OriginalItemSpec": "wwwroot\\lib\\bootstrap\\dist\\css\\bootstrap-utilities.min.css.map"
    },
    {
      "Identity": "C:\\Users\\Jacob Artis\\Documents\\PortfolioSite\\wwwroot\\lib\\bootstrap\\dist\\css\\bootstrap-utilities.rtl.css",
      "SourceId": "PortfolioSite",
      "SourceType": "Discovered",
      "ContentRoot": "C:\\Users\\Jacob Artis\\Documents\\PortfolioSite\\wwwroot\\",
      "BasePath": "_content/PortfolioSite",
      "RelativePath": "lib/bootstrap/dist/css/bootstrap-utilities.rtl.css",
      "AssetKind": "All",
      "AssetMode": "All",
      "AssetRole": "Primary",
      "AssetMergeBehavior": "PreferTarget",
      "AssetMergeSource": "",
      "RelatedAsset": "",
      "AssetTraitName": "",
      "AssetTraitValue": "",
      "CopyToOutputDirectory": "Never",
      "CopyToPublishDirectory": "PreserveNewest",
      "OriginalItemSpec": "wwwroot\\lib\\bootstrap\\dist\\css\\bootstrap-utilities.rtl.css"
    },
    {
      "Identity": "C:\\Users\\Jacob Artis\\Documents\\PortfolioSite\\wwwroot\\lib\\bootstrap\\dist\\css\\bootstrap-utilities.rtl.css.map",
      "SourceId": "PortfolioSite",
      "SourceType": "Discovered",
      "ContentRoot": "C:\\Users\\Jacob Artis\\Documents\\PortfolioSite\\wwwroot\\",
      "BasePath": "_content/PortfolioSite",
      "RelativePath": "lib/bootstrap/dist/css/bootstrap-utilities.rtl.css.map",
      "AssetKind": "All",
      "AssetMode": "All",
      "AssetRole": "Primary",
      "AssetMergeBehavior": "PreferTarget",
      "AssetMergeSource": "",
      "RelatedAsset": "",
      "AssetTraitName": "",
      "AssetTraitValue": "",
      "CopyToOutputDirectory": "Never",
      "CopyToPublishDirectory": "PreserveNewest",
      "OriginalItemSpec": "wwwroot\\lib\\bootstrap\\dist\\css\\bootstrap-utilities.rtl.css.map"
    },
    {
      "Identity": "C:\\Users\\Jacob Artis\\Documents\\PortfolioSite\\wwwroot\\lib\\bootstrap\\dist\\css\\bootstrap-utilities.rtl.min.css",
      "SourceId": "PortfolioSite",
      "SourceType": "Discovered",
      "ContentRoot": "C:\\Users\\Jacob Artis\\Documents\\PortfolioSite\\wwwroot\\",
      "BasePath": "_content/PortfolioSite",
      "RelativePath": "lib/bootstrap/dist/css/bootstrap-utilities.rtl.min.css",
      "AssetKind": "All",
      "AssetMode": "All",
      "AssetRole": "Primary",
      "AssetMergeBehavior": "PreferTarget",
      "AssetMergeSource": "",
      "RelatedAsset": "",
      "AssetTraitName": "",
      "AssetTraitValue": "",
      "CopyToOutputDirectory": "Never",
      "CopyToPublishDirectory": "PreserveNewest",
      "OriginalItemSpec": "wwwroot\\lib\\bootstrap\\dist\\css\\bootstrap-utilities.rtl.min.css"
    },
    {
      "Identity": "C:\\Users\\Jacob Artis\\Documents\\PortfolioSite\\wwwroot\\lib\\bootstrap\\dist\\css\\bootstrap-utilities.rtl.min.css.map",
      "SourceId": "PortfolioSite",
      "SourceType": "Discovered",
      "ContentRoot": "C:\\Users\\Jacob Artis\\Documents\\PortfolioSite\\wwwroot\\",
      "BasePath": "_content/PortfolioSite",
      "RelativePath": "lib/bootstrap/dist/css/bootstrap-utilities.rtl.min.css.map",
      "AssetKind": "All",
      "AssetMode": "All",
      "AssetRole": "Primary",
      "AssetMergeBehavior": "PreferTarget",
      "AssetMergeSource": "",
      "RelatedAsset": "",
      "AssetTraitName": "",
      "AssetTraitValue": "",
      "CopyToOutputDirectory": "Never",
      "CopyToPublishDirectory": "PreserveNewest",
      "OriginalItemSpec": "wwwroot\\lib\\bootstrap\\dist\\css\\bootstrap-utilities.rtl.min.css.map"
    },
    {
      "Identity": "C:\\Users\\Jacob Artis\\Documents\\PortfolioSite\\wwwroot\\lib\\bootstrap\\dist\\css\\bootstrap.css",
      "SourceId": "PortfolioSite",
      "SourceType": "Discovered",
      "ContentRoot": "C:\\Users\\Jacob Artis\\Documents\\PortfolioSite\\wwwroot\\",
      "BasePath": "_content/PortfolioSite",
      "RelativePath": "lib/bootstrap/dist/css/bootstrap.css",
      "AssetKind": "All",
      "AssetMode": "All",
      "AssetRole": "Primary",
      "AssetMergeBehavior": "PreferTarget",
      "AssetMergeSource": "",
      "RelatedAsset": "",
      "AssetTraitName": "",
      "AssetTraitValue": "",
      "CopyToOutputDirectory": "Never",
      "CopyToPublishDirectory": "PreserveNewest",
      "OriginalItemSpec": "wwwroot\\lib\\bootstrap\\dist\\css\\bootstrap.css"
    },
    {
      "Identity": "C:\\Users\\Jacob Artis\\Documents\\PortfolioSite\\wwwroot\\lib\\bootstrap\\dist\\css\\bootstrap.css.map",
      "SourceId": "PortfolioSite",
      "SourceType": "Discovered",
      "ContentRoot": "C:\\Users\\Jacob Artis\\Documents\\PortfolioSite\\wwwroot\\",
      "BasePath": "_content/PortfolioSite",
      "RelativePath": "lib/bootstrap/dist/css/bootstrap.css.map",
      "AssetKind": "All",
      "AssetMode": "All",
      "AssetRole": "Primary",
      "AssetMergeBehavior": "PreferTarget",
      "AssetMergeSource": "",
      "RelatedAsset": "",
      "AssetTraitName": "",
      "AssetTraitValue": "",
      "CopyToOutputDirectory": "Never",
      "CopyToPublishDirectory": "PreserveNewest",
      "OriginalItemSpec": "wwwroot\\lib\\bootstrap\\dist\\css\\bootstrap.css.map"
    },
    {
      "Identity": "C:\\Users\\Jacob Artis\\Documents\\PortfolioSite\\wwwroot\\lib\\bootstrap\\dist\\css\\bootstrap.min.css",
      "SourceId": "PortfolioSite",
      "SourceType": "Discovered",
      "ContentRoot": "C:\\Users\\Jacob Artis\\Documents\\PortfolioSite\\wwwroot\\",
      "BasePath": "_content/PortfolioSite",
      "RelativePath": "lib/bootstrap/dist/css/bootstrap.min.css",
      "AssetKind": "All",
      "AssetMode": "All",
      "AssetRole": "Primary",
      "AssetMergeBehavior": "PreferTarget",
      "AssetMergeSource": "",
      "RelatedAsset": "",
      "AssetTraitName": "",
      "AssetTraitValue": "",
      "CopyToOutputDirectory": "Never",
      "CopyToPublishDirectory": "PreserveNewest",
      "OriginalItemSpec": "wwwroot\\lib\\bootstrap\\dist\\css\\bootstrap.min.css"
    },
    {
      "Identity": "C:\\Users\\Jacob Artis\\Documents\\PortfolioSite\\wwwroot\\lib\\bootstrap\\dist\\css\\bootstrap.min.css.map",
      "SourceId": "PortfolioSite",
      "SourceType": "Discovered",
      "ContentRoot": "C:\\Users\\Jacob Artis\\Documents\\PortfolioSite\\wwwroot\\",
      "BasePath": "_content/PortfolioSite",
      "RelativePath": "lib/bootstrap/dist/css/bootstrap.min.css.map",
      "AssetKind": "All",
      "AssetMode": "All",
      "AssetRole": "Primary",
      "AssetMergeBehavior": "PreferTarget",
      "AssetMergeSource": "",
      "RelatedAsset": "",
      "AssetTraitName": "",
      "AssetTraitValue": "",
      "CopyToOutputDirectory": "Never",
      "CopyToPublishDirectory": "PreserveNewest",
      "OriginalItemSpec": "wwwroot\\lib\\bootstrap\\dist\\css\\bootstrap.min.css.map"
    },
    {
      "Identity": "C:\\Users\\Jacob Artis\\Documents\\PortfolioSite\\wwwroot\\lib\\bootstrap\\dist\\css\\bootstrap.rtl.css",
      "SourceId": "PortfolioSite",
      "SourceType": "Discovered",
      "ContentRoot": "C:\\Users\\Jacob Artis\\Documents\\PortfolioSite\\wwwroot\\",
      "BasePath": "_content/PortfolioSite",
      "RelativePath": "lib/bootstrap/dist/css/bootstrap.rtl.css",
      "AssetKind": "All",
      "AssetMode": "All",
      "AssetRole": "Primary",
      "AssetMergeBehavior": "PreferTarget",
      "AssetMergeSource": "",
      "RelatedAsset": "",
      "AssetTraitName": "",
      "AssetTraitValue": "",
      "CopyToOutputDirectory": "Never",
      "CopyToPublishDirectory": "PreserveNewest",
      "OriginalItemSpec": "wwwroot\\lib\\bootstrap\\dist\\css\\bootstrap.rtl.css"
    },
    {
      "Identity": "C:\\Users\\Jacob Artis\\Documents\\PortfolioSite\\wwwroot\\lib\\bootstrap\\dist\\css\\bootstrap.rtl.css.map",
      "SourceId": "PortfolioSite",
      "SourceType": "Discovered",
      "ContentRoot": "C:\\Users\\Jacob Artis\\Documents\\PortfolioSite\\wwwroot\\",
      "BasePath": "_content/PortfolioSite",
      "RelativePath": "lib/bootstrap/dist/css/bootstrap.rtl.css.map",
      "AssetKind": "All",
      "AssetMode": "All",
      "AssetRole": "Primary",
      "AssetMergeBehavior": "PreferTarget",
      "AssetMergeSource": "",
      "RelatedAsset": "",
      "AssetTraitName": "",
      "AssetTraitValue": "",
      "CopyToOutputDirectory": "Never",
      "CopyToPublishDirectory": "PreserveNewest",
      "OriginalItemSpec": "wwwroot\\lib\\bootstrap\\dist\\css\\bootstrap.rtl.css.map"
    },
    {
      "Identity": "C:\\Users\\Jacob Artis\\Documents\\PortfolioSite\\wwwroot\\lib\\bootstrap\\dist\\css\\bootstrap.rtl.min.css",
      "SourceId": "PortfolioSite",
      "SourceType": "Discovered",
      "ContentRoot": "C:\\Users\\Jacob Artis\\Documents\\PortfolioSite\\wwwroot\\",
      "BasePath": "_content/PortfolioSite",
      "RelativePath": "lib/bootstrap/dist/css/bootstrap.rtl.min.css",
      "AssetKind": "All",
      "AssetMode": "All",
      "AssetRole": "Primary",
      "AssetMergeBehavior": "PreferTarget",
      "AssetMergeSource": "",
      "RelatedAsset": "",
      "AssetTraitName": "",
      "AssetTraitValue": "",
      "CopyToOutputDirectory": "Never",
      "CopyToPublishDirectory": "PreserveNewest",
      "OriginalItemSpec": "wwwroot\\lib\\bootstrap\\dist\\css\\bootstrap.rtl.min.css"
    },
    {
      "Identity": "C:\\Users\\Jacob Artis\\Documents\\PortfolioSite\\wwwroot\\lib\\bootstrap\\dist\\css\\bootstrap.rtl.min.css.map",
      "SourceId": "PortfolioSite",
      "SourceType": "Discovered",
      "ContentRoot": "C:\\Users\\Jacob Artis\\Documents\\PortfolioSite\\wwwroot\\",
      "BasePath": "_content/PortfolioSite",
      "RelativePath": "lib/bootstrap/dist/css/bootstrap.rtl.min.css.map",
      "AssetKind": "All",
      "AssetMode": "All",
      "AssetRole": "Primary",
      "AssetMergeBehavior": "PreferTarget",
      "AssetMergeSource": "",
      "RelatedAsset": "",
      "AssetTraitName": "",
      "AssetTraitValue": "",
      "CopyToOutputDirectory": "Never",
      "CopyToPublishDirectory": "PreserveNewest",
      "OriginalItemSpec": "wwwroot\\lib\\bootstrap\\dist\\css\\bootstrap.rtl.min.css.map"
    },
    {
      "Identity": "C:\\Users\\Jacob Artis\\Documents\\PortfolioSite\\wwwroot\\lib\\bootstrap\\dist\\js\\bootstrap.bundle.js",
      "SourceId": "PortfolioSite",
      "SourceType": "Discovered",
      "ContentRoot": "C:\\Users\\Jacob Artis\\Documents\\PortfolioSite\\wwwroot\\",
      "BasePath": "_content/PortfolioSite",
      "RelativePath": "lib/bootstrap/dist/js/bootstrap.bundle.js",
      "AssetKind": "All",
      "AssetMode": "All",
      "AssetRole": "Primary",
      "AssetMergeBehavior": "PreferTarget",
      "AssetMergeSource": "",
      "RelatedAsset": "",
      "AssetTraitName": "",
      "AssetTraitValue": "",
      "CopyToOutputDirectory": "Never",
      "CopyToPublishDirectory": "PreserveNewest",
      "OriginalItemSpec": "wwwroot\\lib\\bootstrap\\dist\\js\\bootstrap.bundle.js"
    },
    {
      "Identity": "C:\\Users\\Jacob Artis\\Documents\\PortfolioSite\\wwwroot\\lib\\bootstrap\\dist\\js\\bootstrap.bundle.js.map",
      "SourceId": "PortfolioSite",
      "SourceType": "Discovered",
      "ContentRoot": "C:\\Users\\Jacob Artis\\Documents\\PortfolioSite\\wwwroot\\",
      "BasePath": "_content/PortfolioSite",
      "RelativePath": "lib/bootstrap/dist/js/bootstrap.bundle.js.map",
      "AssetKind": "All",
      "AssetMode": "All",
      "AssetRole": "Primary",
      "AssetMergeBehavior": "PreferTarget",
      "AssetMergeSource": "",
      "RelatedAsset": "",
      "AssetTraitName": "",
      "AssetTraitValue": "",
      "CopyToOutputDirectory": "Never",
      "CopyToPublishDirectory": "PreserveNewest",
      "OriginalItemSpec": "wwwroot\\lib\\bootstrap\\dist\\js\\bootstrap.bundle.js.map"
    },
    {
      "Identity": "C:\\Users\\Jacob Artis\\Documents\\PortfolioSite\\wwwroot\\lib\\bootstrap\\dist\\js\\bootstrap.bundle.min.js",
      "SourceId": "PortfolioSite",
      "SourceType": "Discovered",
      "ContentRoot": "C:\\Users\\Jacob Artis\\Documents\\PortfolioSite\\wwwroot\\",
      "BasePath": "_content/PortfolioSite",
      "RelativePath": "lib/bootstrap/dist/js/bootstrap.bundle.min.js",
      "AssetKind": "All",
      "AssetMode": "All",
      "AssetRole": "Primary",
      "AssetMergeBehavior": "PreferTarget",
      "AssetMergeSource": "",
      "RelatedAsset": "",
      "AssetTraitName": "",
      "AssetTraitValue": "",
      "CopyToOutputDirectory": "Never",
      "CopyToPublishDirectory": "PreserveNewest",
      "OriginalItemSpec": "wwwroot\\lib\\bootstrap\\dist\\js\\bootstrap.bundle.min.js"
    },
    {
      "Identity": "C:\\Users\\Jacob Artis\\Documents\\PortfolioSite\\wwwroot\\lib\\bootstrap\\dist\\js\\bootstrap.bundle.min.js.map",
      "SourceId": "PortfolioSite",
      "SourceType": "Discovered",
      "ContentRoot": "C:\\Users\\Jacob Artis\\Documents\\PortfolioSite\\wwwroot\\",
      "BasePath": "_content/PortfolioSite",
      "RelativePath": "lib/bootstrap/dist/js/bootstrap.bundle.min.js.map",
      "AssetKind": "All",
      "AssetMode": "All",
      "AssetRole": "Primary",
      "AssetMergeBehavior": "PreferTarget",
      "AssetMergeSource": "",
      "RelatedAsset": "",
      "AssetTraitName": "",
      "AssetTraitValue": "",
      "CopyToOutputDirectory": "Never",
      "CopyToPublishDirectory": "PreserveNewest",
      "OriginalItemSpec": "wwwroot\\lib\\bootstrap\\dist\\js\\bootstrap.bundle.min.js.map"
    },
    {
      "Identity": "C:\\Users\\Jacob Artis\\Documents\\PortfolioSite\\wwwroot\\lib\\bootstrap\\dist\\js\\bootstrap.esm.js",
      "SourceId": "PortfolioSite",
      "SourceType": "Discovered",
      "ContentRoot": "C:\\Users\\Jacob Artis\\Documents\\PortfolioSite\\wwwroot\\",
      "BasePath": "_content/PortfolioSite",
      "RelativePath": "lib/bootstrap/dist/js/bootstrap.esm.js",
      "AssetKind": "All",
      "AssetMode": "All",
      "AssetRole": "Primary",
      "AssetMergeBehavior": "PreferTarget",
      "AssetMergeSource": "",
      "RelatedAsset": "",
      "AssetTraitName": "",
      "AssetTraitValue": "",
      "CopyToOutputDirectory": "Never",
      "CopyToPublishDirectory": "PreserveNewest",
      "OriginalItemSpec": "wwwroot\\lib\\bootstrap\\dist\\js\\bootstrap.esm.js"
    },
    {
      "Identity": "C:\\Users\\Jacob Artis\\Documents\\PortfolioSite\\wwwroot\\lib\\bootstrap\\dist\\js\\bootstrap.esm.js.map",
      "SourceId": "PortfolioSite",
      "SourceType": "Discovered",
      "ContentRoot": "C:\\Users\\Jacob Artis\\Documents\\PortfolioSite\\wwwroot\\",
      "BasePath": "_content/PortfolioSite",
      "RelativePath": "lib/bootstrap/dist/js/bootstrap.esm.js.map",
      "AssetKind": "All",
      "AssetMode": "All",
      "AssetRole": "Primary",
      "AssetMergeBehavior": "PreferTarget",
      "AssetMergeSource": "",
      "RelatedAsset": "",
      "AssetTraitName": "",
      "AssetTraitValue": "",
      "CopyToOutputDirectory": "Never",
      "CopyToPublishDirectory": "PreserveNewest",
      "OriginalItemSpec": "wwwroot\\lib\\bootstrap\\dist\\js\\bootstrap.esm.js.map"
    },
    {
      "Identity": "C:\\Users\\Jacob Artis\\Documents\\PortfolioSite\\wwwroot\\lib\\bootstrap\\dist\\js\\bootstrap.esm.min.js",
      "SourceId": "PortfolioSite",
      "SourceType": "Discovered",
      "ContentRoot": "C:\\Users\\Jacob Artis\\Documents\\PortfolioSite\\wwwroot\\",
      "BasePath": "_content/PortfolioSite",
      "RelativePath": "lib/bootstrap/dist/js/bootstrap.esm.min.js",
      "AssetKind": "All",
      "AssetMode": "All",
      "AssetRole": "Primary",
      "AssetMergeBehavior": "PreferTarget",
      "AssetMergeSource": "",
      "RelatedAsset": "",
      "AssetTraitName": "",
      "AssetTraitValue": "",
      "CopyToOutputDirectory": "Never",
      "CopyToPublishDirectory": "PreserveNewest",
      "OriginalItemSpec": "wwwroot\\lib\\bootstrap\\dist\\js\\bootstrap.esm.min.js"
    },
    {
      "Identity": "C:\\Users\\Jacob Artis\\Documents\\PortfolioSite\\wwwroot\\lib\\bootstrap\\dist\\js\\bootstrap.esm.min.js.map",
      "SourceId": "PortfolioSite",
      "SourceType": "Discovered",
      "ContentRoot": "C:\\Users\\Jacob Artis\\Documents\\PortfolioSite\\wwwroot\\",
      "BasePath": "_content/PortfolioSite",
      "RelativePath": "lib/bootstrap/dist/js/bootstrap.esm.min.js.map",
      "AssetKind": "All",
      "AssetMode": "All",
      "AssetRole": "Primary",
      "AssetMergeBehavior": "PreferTarget",
      "AssetMergeSource": "",
      "RelatedAsset": "",
      "AssetTraitName": "",
      "AssetTraitValue": "",
      "CopyToOutputDirectory": "Never",
      "CopyToPublishDirectory": "PreserveNewest",
      "OriginalItemSpec": "wwwroot\\lib\\bootstrap\\dist\\js\\bootstrap.esm.min.js.map"
    },
    {
      "Identity": "C:\\Users\\Jacob Artis\\Documents\\PortfolioSite\\wwwroot\\lib\\bootstrap\\dist\\js\\bootstrap.js",
      "SourceId": "PortfolioSite",
      "SourceType": "Discovered",
      "ContentRoot": "C:\\Users\\Jacob Artis\\Documents\\PortfolioSite\\wwwroot\\",
      "BasePath": "_content/PortfolioSite",
      "RelativePath": "lib/bootstrap/dist/js/bootstrap.js",
      "AssetKind": "All",
      "AssetMode": "All",
      "AssetRole": "Primary",
      "AssetMergeBehavior": "PreferTarget",
      "AssetMergeSource": "",
      "RelatedAsset": "",
      "AssetTraitName": "",
      "AssetTraitValue": "",
      "CopyToOutputDirectory": "Never",
      "CopyToPublishDirectory": "PreserveNewest",
      "OriginalItemSpec": "wwwroot\\lib\\bootstrap\\dist\\js\\bootstrap.js"
    },
    {
      "Identity": "C:\\Users\\Jacob Artis\\Documents\\PortfolioSite\\wwwroot\\lib\\bootstrap\\dist\\js\\bootstrap.js.map",
      "SourceId": "PortfolioSite",
      "SourceType": "Discovered",
      "ContentRoot": "C:\\Users\\Jacob Artis\\Documents\\PortfolioSite\\wwwroot\\",
      "BasePath": "_content/PortfolioSite",
      "RelativePath": "lib/bootstrap/dist/js/bootstrap.js.map",
      "AssetKind": "All",
      "AssetMode": "All",
      "AssetRole": "Primary",
      "AssetMergeBehavior": "PreferTarget",
      "AssetMergeSource": "",
      "RelatedAsset": "",
      "AssetTraitName": "",
      "AssetTraitValue": "",
      "CopyToOutputDirectory": "Never",
      "CopyToPublishDirectory": "PreserveNewest",
      "OriginalItemSpec": "wwwroot\\lib\\bootstrap\\dist\\js\\bootstrap.js.map"
    },
    {
      "Identity": "C:\\Users\\Jacob Artis\\Documents\\PortfolioSite\\wwwroot\\lib\\bootstrap\\dist\\js\\bootstrap.min.js",
      "SourceId": "PortfolioSite",
      "SourceType": "Discovered",
      "ContentRoot": "C:\\Users\\Jacob Artis\\Documents\\PortfolioSite\\wwwroot\\",
      "BasePath": "_content/PortfolioSite",
      "RelativePath": "lib/bootstrap/dist/js/bootstrap.min.js",
      "AssetKind": "All",
      "AssetMode": "All",
      "AssetRole": "Primary",
      "AssetMergeBehavior": "PreferTarget",
      "AssetMergeSource": "",
      "RelatedAsset": "",
      "AssetTraitName": "",
      "AssetTraitValue": "",
      "CopyToOutputDirectory": "Never",
      "CopyToPublishDirectory": "PreserveNewest",
      "OriginalItemSpec": "wwwroot\\lib\\bootstrap\\dist\\js\\bootstrap.min.js"
    },
    {
      "Identity": "C:\\Users\\Jacob Artis\\Documents\\PortfolioSite\\wwwroot\\lib\\bootstrap\\dist\\js\\bootstrap.min.js.map",
      "SourceId": "PortfolioSite",
      "SourceType": "Discovered",
      "ContentRoot": "C:\\Users\\Jacob Artis\\Documents\\PortfolioSite\\wwwroot\\",
      "BasePath": "_content/PortfolioSite",
      "RelativePath": "lib/bootstrap/dist/js/bootstrap.min.js.map",
      "AssetKind": "All",
      "AssetMode": "All",
      "AssetRole": "Primary",
      "AssetMergeBehavior": "PreferTarget",
      "AssetMergeSource": "",
      "RelatedAsset": "",
      "AssetTraitName": "",
      "AssetTraitValue": "",
      "CopyToOutputDirectory": "Never",
      "CopyToPublishDirectory": "PreserveNewest",
      "OriginalItemSpec": "wwwroot\\lib\\bootstrap\\dist\\js\\bootstrap.min.js.map"
    },
    {
      "Identity": "C:\\Users\\Jacob Artis\\Documents\\PortfolioSite\\wwwroot\\lib\\bootstrap\\LICENSE",
      "SourceId": "PortfolioSite",
      "SourceType": "Discovered",
      "ContentRoot": "C:\\Users\\Jacob Artis\\Documents\\PortfolioSite\\wwwroot\\",
      "BasePath": "_content/PortfolioSite",
      "RelativePath": "lib/bootstrap/LICENSE",
      "AssetKind": "All",
      "AssetMode": "All",
      "AssetRole": "Primary",
      "AssetMergeBehavior": "PreferTarget",
      "AssetMergeSource": "",
      "RelatedAsset": "",
      "AssetTraitName": "",
      "AssetTraitValue": "",
      "CopyToOutputDirectory": "Never",
      "CopyToPublishDirectory": "PreserveNewest",
      "OriginalItemSpec": "wwwroot\\lib\\bootstrap\\LICENSE"
    },
    {
      "Identity": "C:\\Users\\Jacob Artis\\Documents\\PortfolioSite\\wwwroot\\lib\\jquery-validation-unobtrusive\\jquery.validate.unobtrusive.js",
      "SourceId": "PortfolioSite",
      "SourceType": "Discovered",
      "ContentRoot": "C:\\Users\\Jacob Artis\\Documents\\PortfolioSite\\wwwroot\\",
      "BasePath": "_content/PortfolioSite",
      "RelativePath": "lib/jquery-validation-unobtrusive/jquery.validate.unobtrusive.js",
      "AssetKind": "All",
      "AssetMode": "All",
      "AssetRole": "Primary",
      "AssetMergeBehavior": "PreferTarget",
      "AssetMergeSource": "",
      "RelatedAsset": "",
      "AssetTraitName": "",
      "AssetTraitValue": "",
      "CopyToOutputDirectory": "Never",
      "CopyToPublishDirectory": "PreserveNewest",
      "OriginalItemSpec": "wwwroot\\lib\\jquery-validation-unobtrusive\\jquery.validate.unobtrusive.js"
    },
    {
      "Identity": "C:\\Users\\Jacob Artis\\Documents\\PortfolioSite\\wwwroot\\lib\\jquery-validation-unobtrusive\\jquery.validate.unobtrusive.min.js",
      "SourceId": "PortfolioSite",
      "SourceType": "Discovered",
      "ContentRoot": "C:\\Users\\Jacob Artis\\Documents\\PortfolioSite\\wwwroot\\",
      "BasePath": "_content/PortfolioSite",
      "RelativePath": "lib/jquery-validation-unobtrusive/jquery.validate.unobtrusive.min.js",
      "AssetKind": "All",
      "AssetMode": "All",
      "AssetRole": "Primary",
      "AssetMergeBehavior": "PreferTarget",
      "AssetMergeSource": "",
      "RelatedAsset": "",
      "AssetTraitName": "",
      "AssetTraitValue": "",
      "CopyToOutputDirectory": "Never",
      "CopyToPublishDirectory": "PreserveNewest",
      "OriginalItemSpec": "wwwroot\\lib\\jquery-validation-unobtrusive\\jquery.validate.unobtrusive.min.js"
    },
    {
      "Identity": "C:\\Users\\Jacob Artis\\Documents\\PortfolioSite\\wwwroot\\lib\\jquery-validation-unobtrusive\\LICENSE.txt",
      "SourceId": "PortfolioSite",
      "SourceType": "Discovered",
      "ContentRoot": "C:\\Users\\Jacob Artis\\Documents\\PortfolioSite\\wwwroot\\",
      "BasePath": "_content/PortfolioSite",
      "RelativePath": "lib/jquery-validation-unobtrusive/LICENSE.txt",
      "AssetKind": "All",
      "AssetMode": "All",
      "AssetRole": "Primary",
      "AssetMergeBehavior": "PreferTarget",
      "AssetMergeSource": "",
      "RelatedAsset": "",
      "AssetTraitName": "",
      "AssetTraitValue": "",
      "CopyToOutputDirectory": "Never",
      "CopyToPublishDirectory": "PreserveNewest",
      "OriginalItemSpec": "wwwroot\\lib\\jquery-validation-unobtrusive\\LICENSE.txt"
    },
    {
      "Identity": "C:\\Users\\Jacob Artis\\Documents\\PortfolioSite\\wwwroot\\lib\\jquery-validation\\dist\\additional-methods.js",
      "SourceId": "PortfolioSite",
      "SourceType": "Discovered",
      "ContentRoot": "C:\\Users\\Jacob Artis\\Documents\\PortfolioSite\\wwwroot\\",
      "BasePath": "_content/PortfolioSite",
      "RelativePath": "lib/jquery-validation/dist/additional-methods.js",
      "AssetKind": "All",
      "AssetMode": "All",
      "AssetRole": "Primary",
      "AssetMergeBehavior": "PreferTarget",
      "AssetMergeSource": "",
      "RelatedAsset": "",
      "AssetTraitName": "",
      "AssetTraitValue": "",
      "CopyToOutputDirectory": "Never",
      "CopyToPublishDirectory": "PreserveNewest",
      "OriginalItemSpec": "wwwroot\\lib\\jquery-validation\\dist\\additional-methods.js"
    },
    {
      "Identity": "C:\\Users\\Jacob Artis\\Documents\\PortfolioSite\\wwwroot\\lib\\jquery-validation\\dist\\additional-methods.min.js",
      "SourceId": "PortfolioSite",
      "SourceType": "Discovered",
      "ContentRoot": "C:\\Users\\Jacob Artis\\Documents\\PortfolioSite\\wwwroot\\",
      "BasePath": "_content/PortfolioSite",
      "RelativePath": "lib/jquery-validation/dist/additional-methods.min.js",
      "AssetKind": "All",
      "AssetMode": "All",
      "AssetRole": "Primary",
      "AssetMergeBehavior": "PreferTarget",
      "AssetMergeSource": "",
      "RelatedAsset": "",
      "AssetTraitName": "",
      "AssetTraitValue": "",
      "CopyToOutputDirectory": "Never",
      "CopyToPublishDirectory": "PreserveNewest",
      "OriginalItemSpec": "wwwroot\\lib\\jquery-validation\\dist\\additional-methods.min.js"
    },
    {
      "Identity": "C:\\Users\\Jacob Artis\\Documents\\PortfolioSite\\wwwroot\\lib\\jquery-validation\\dist\\jquery.validate.js",
      "SourceId": "PortfolioSite",
      "SourceType": "Discovered",
      "ContentRoot": "C:\\Users\\Jacob Artis\\Documents\\PortfolioSite\\wwwroot\\",
      "BasePath": "_content/PortfolioSite",
      "RelativePath": "lib/jquery-validation/dist/jquery.validate.js",
      "AssetKind": "All",
      "AssetMode": "All",
      "AssetRole": "Primary",
      "AssetMergeBehavior": "PreferTarget",
      "AssetMergeSource": "",
      "RelatedAsset": "",
      "AssetTraitName": "",
      "AssetTraitValue": "",
      "CopyToOutputDirectory": "Never",
      "CopyToPublishDirectory": "PreserveNewest",
      "OriginalItemSpec": "wwwroot\\lib\\jquery-validation\\dist\\jquery.validate.js"
    },
    {
      "Identity": "C:\\Users\\Jacob Artis\\Documents\\PortfolioSite\\wwwroot\\lib\\jquery-validation\\dist\\jquery.validate.min.js",
      "SourceId": "PortfolioSite",
      "SourceType": "Discovered",
      "ContentRoot": "C:\\Users\\Jacob Artis\\Documents\\PortfolioSite\\wwwroot\\",
      "BasePath": "_content/PortfolioSite",
      "RelativePath": "lib/jquery-validation/dist/jquery.validate.min.js",
      "AssetKind": "All",
      "AssetMode": "All",
      "AssetRole": "Primary",
      "AssetMergeBehavior": "PreferTarget",
      "AssetMergeSource": "",
      "RelatedAsset": "",
      "AssetTraitName": "",
      "AssetTraitValue": "",
      "CopyToOutputDirectory": "Never",
      "CopyToPublishDirectory": "PreserveNewest",
      "OriginalItemSpec": "wwwroot\\lib\\jquery-validation\\dist\\jquery.validate.min.js"
    },
    {
      "Identity": "C:\\Users\\Jacob Artis\\Documents\\PortfolioSite\\wwwroot\\lib\\jquery-validation\\LICENSE.md",
      "SourceId": "PortfolioSite",
      "SourceType": "Discovered",
      "ContentRoot": "C:\\Users\\Jacob Artis\\Documents\\PortfolioSite\\wwwroot\\",
      "BasePath": "_content/PortfolioSite",
      "RelativePath": "lib/jquery-validation/LICENSE.md",
      "AssetKind": "All",
      "AssetMode": "All",
      "AssetRole": "Primary",
      "AssetMergeBehavior": "PreferTarget",
      "AssetMergeSource": "",
      "RelatedAsset": "",
      "AssetTraitName": "",
      "AssetTraitValue": "",
      "CopyToOutputDirectory": "Never",
      "CopyToPublishDirectory": "PreserveNewest",
      "OriginalItemSpec": "wwwroot\\lib\\jquery-validation\\LICENSE.md"
    },
    {
      "Identity": "C:\\Users\\Jacob Artis\\Documents\\PortfolioSite\\wwwroot\\lib\\jquery\\dist\\jquery.js",
      "SourceId": "PortfolioSite",
      "SourceType": "Discovered",
      "ContentRoot": "C:\\Users\\Jacob Artis\\Documents\\PortfolioSite\\wwwroot\\",
      "BasePath": "_content/PortfolioSite",
      "RelativePath": "lib/jquery/dist/jquery.js",
      "AssetKind": "All",
      "AssetMode": "All",
      "AssetRole": "Primary",
      "AssetMergeBehavior": "PreferTarget",
      "AssetMergeSource": "",
      "RelatedAsset": "",
      "AssetTraitName": "",
      "AssetTraitValue": "",
      "CopyToOutputDirectory": "Never",
      "CopyToPublishDirectory": "PreserveNewest",
      "OriginalItemSpec": "wwwroot\\lib\\jquery\\dist\\jquery.js"
    },
    {
      "Identity": "C:\\Users\\Jacob Artis\\Documents\\PortfolioSite\\wwwroot\\lib\\jquery\\dist\\jquery.min.js",
      "SourceId": "PortfolioSite",
      "SourceType": "Discovered",
      "ContentRoot": "C:\\Users\\Jacob Artis\\Documents\\PortfolioSite\\wwwroot\\",
      "BasePath": "_content/PortfolioSite",
      "RelativePath": "lib/jquery/dist/jquery.min.js",
      "AssetKind": "All",
      "AssetMode": "All",
      "AssetRole": "Primary",
      "AssetMergeBehavior": "PreferTarget",
      "AssetMergeSource": "",
      "RelatedAsset": "",
      "AssetTraitName": "",
      "AssetTraitValue": "",
      "CopyToOutputDirectory": "Never",
      "CopyToPublishDirectory": "PreserveNewest",
      "OriginalItemSpec": "wwwroot\\lib\\jquery\\dist\\jquery.min.js"
    },
    {
      "Identity": "C:\\Users\\Jacob Artis\\Documents\\PortfolioSite\\wwwroot\\lib\\jquery\\dist\\jquery.min.map",
      "SourceId": "PortfolioSite",
      "SourceType": "Discovered",
      "ContentRoot": "C:\\Users\\Jacob Artis\\Documents\\PortfolioSite\\wwwroot\\",
      "BasePath": "_content/PortfolioSite",
      "RelativePath": "lib/jquery/dist/jquery.min.map",
      "AssetKind": "All",
      "AssetMode": "All",
      "AssetRole": "Primary",
      "AssetMergeBehavior": "PreferTarget",
      "AssetMergeSource": "",
      "RelatedAsset": "",
      "AssetTraitName": "",
      "AssetTraitValue": "",
      "CopyToOutputDirectory": "Never",
      "CopyToPublishDirectory": "PreserveNewest",
      "OriginalItemSpec": "wwwroot\\lib\\jquery\\dist\\jquery.min.map"
    },
    {
      "Identity": "C:\\Users\\Jacob Artis\\Documents\\PortfolioSite\\wwwroot\\lib\\jquery\\LICENSE.txt",
      "SourceId": "PortfolioSite",
      "SourceType": "Discovered",
      "ContentRoot": "C:\\Users\\Jacob Artis\\Documents\\PortfolioSite\\wwwroot\\",
      "BasePath": "_content/PortfolioSite",
      "RelativePath": "lib/jquery/LICENSE.txt",
      "AssetKind": "All",
      "AssetMode": "All",
      "AssetRole": "Primary",
      "AssetMergeBehavior": "PreferTarget",
      "AssetMergeSource": "",
      "RelatedAsset": "",
      "AssetTraitName": "",
      "AssetTraitValue": "",
      "CopyToOutputDirectory": "Never",
      "CopyToPublishDirectory": "PreserveNewest",
      "OriginalItemSpec": "wwwroot\\lib\\jquery\\LICENSE.txt"
    },
    {
      "Identity": "C:\\Users\\Jacob Artis\\Documents\\PortfolioSite\\wwwroot\\me.png",
      "SourceId": "PortfolioSite",
      "SourceType": "Discovered",
      "ContentRoot": "C:\\Users\\Jacob Artis\\Documents\\PortfolioSite\\wwwroot\\",
      "BasePath": "_content/PortfolioSite",
      "RelativePath": "me.png",
      "AssetKind": "All",
      "AssetMode": "All",
      "AssetRole": "Primary",
      "AssetMergeBehavior": "PreferTarget",
      "AssetMergeSource": "",
      "RelatedAsset": "",
      "AssetTraitName": "",
      "AssetTraitValue": "",
      "CopyToOutputDirectory": "Never",
      "CopyToPublishDirectory": "PreserveNewest",
      "OriginalItemSpec": "wwwroot\\me.png"
    },
    {
      "Identity": "C:\\Users\\Jacob Artis\\Documents\\PortfolioSite\\wwwroot\\skills\\aspdotnet.png",
      "SourceId": "PortfolioSite",
      "SourceType": "Discovered",
      "ContentRoot": "C:\\Users\\Jacob Artis\\Documents\\PortfolioSite\\wwwroot\\",
      "BasePath": "_content/PortfolioSite",
      "RelativePath": "skills/aspdotnet.png",
      "AssetKind": "All",
      "AssetMode": "All",
      "AssetRole": "Primary",
      "AssetMergeBehavior": "PreferTarget",
      "AssetMergeSource": "",
      "RelatedAsset": "",
      "AssetTraitName": "",
      "AssetTraitValue": "",
      "CopyToOutputDirectory": "Never",
      "CopyToPublishDirectory": "PreserveNewest",
      "OriginalItemSpec": "wwwroot\\skills\\aspdotnet.png"
    },
    {
      "Identity": "C:\\Users\\Jacob Artis\\Documents\\PortfolioSite\\wwwroot\\skills\\cs.png",
      "SourceId": "PortfolioSite",
      "SourceType": "Discovered",
      "ContentRoot": "C:\\Users\\Jacob Artis\\Documents\\PortfolioSite\\wwwroot\\",
      "BasePath": "_content/PortfolioSite",
      "RelativePath": "skills/cs.png",
      "AssetKind": "All",
      "AssetMode": "All",
      "AssetRole": "Primary",
      "AssetMergeBehavior": "PreferTarget",
      "AssetMergeSource": "",
      "RelatedAsset": "",
      "AssetTraitName": "",
      "AssetTraitValue": "",
      "CopyToOutputDirectory": "Never",
      "CopyToPublishDirectory": "PreserveNewest",
      "OriginalItemSpec": "wwwroot\\skills\\cs.png"
    },
    {
      "Identity": "C:\\Users\\Jacob Artis\\Documents\\PortfolioSite\\wwwroot\\skills\\css.png",
      "SourceId": "PortfolioSite",
      "SourceType": "Discovered",
      "ContentRoot": "C:\\Users\\Jacob Artis\\Documents\\PortfolioSite\\wwwroot\\",
      "BasePath": "_content/PortfolioSite",
      "RelativePath": "skills/css.png",
      "AssetKind": "All",
      "AssetMode": "All",
      "AssetRole": "Primary",
      "AssetMergeBehavior": "PreferTarget",
      "AssetMergeSource": "",
      "RelatedAsset": "",
      "AssetTraitName": "",
      "AssetTraitValue": "",
      "CopyToOutputDirectory": "Never",
      "CopyToPublishDirectory": "PreserveNewest",
      "OriginalItemSpec": "wwwroot\\skills\\css.png"
    },
    {
      "Identity": "C:\\Users\\Jacob Artis\\Documents\\PortfolioSite\\wwwroot\\skills\\github.png",
      "SourceId": "PortfolioSite",
      "SourceType": "Discovered",
      "ContentRoot": "C:\\Users\\Jacob Artis\\Documents\\PortfolioSite\\wwwroot\\",
      "BasePath": "_content/PortfolioSite",
      "RelativePath": "skills/github.png",
      "AssetKind": "All",
      "AssetMode": "All",
      "AssetRole": "Primary",
      "AssetMergeBehavior": "PreferTarget",
      "AssetMergeSource": "",
      "RelatedAsset": "",
      "AssetTraitName": "",
      "AssetTraitValue": "",
      "CopyToOutputDirectory": "Never",
      "CopyToPublishDirectory": "PreserveNewest",
      "OriginalItemSpec": "wwwroot\\skills\\github.png"
    },
    {
      "Identity": "C:\\Users\\Jacob Artis\\Documents\\PortfolioSite\\wwwroot\\skills\\godot.png",
      "SourceId": "PortfolioSite",
      "SourceType": "Discovered",
      "ContentRoot": "C:\\Users\\Jacob Artis\\Documents\\PortfolioSite\\wwwroot\\",
      "BasePath": "_content/PortfolioSite",
      "RelativePath": "skills/godot.png",
      "AssetKind": "All",
      "AssetMode": "All",
      "AssetRole": "Primary",
      "AssetMergeBehavior": "PreferTarget",
      "AssetMergeSource": "",
      "RelatedAsset": "",
      "AssetTraitName": "",
      "AssetTraitValue": "",
      "CopyToOutputDirectory": "Never",
      "CopyToPublishDirectory": "PreserveNewest",
      "OriginalItemSpec": "wwwroot\\skills\\godot.png"
    },
    {
      "Identity": "C:\\Users\\Jacob Artis\\Documents\\PortfolioSite\\wwwroot\\skills\\html.png",
      "SourceId": "PortfolioSite",
      "SourceType": "Discovered",
      "ContentRoot": "C:\\Users\\Jacob Artis\\Documents\\PortfolioSite\\wwwroot\\",
      "BasePath": "_content/PortfolioSite",
      "RelativePath": "skills/html.png",
      "AssetKind": "All",
      "AssetMode": "All",
      "AssetRole": "Primary",
      "AssetMergeBehavior": "PreferTarget",
      "AssetMergeSource": "",
      "RelatedAsset": "",
      "AssetTraitName": "",
      "AssetTraitValue": "",
      "CopyToOutputDirectory": "Never",
      "CopyToPublishDirectory": "PreserveNewest",
      "OriginalItemSpec": "wwwroot\\skills\\html.png"
    },
    {
      "Identity": "C:\\Users\\Jacob Artis\\Documents\\PortfolioSite\\wwwroot\\skills\\java.png",
      "SourceId": "PortfolioSite",
      "SourceType": "Discovered",
      "ContentRoot": "C:\\Users\\Jacob Artis\\Documents\\PortfolioSite\\wwwroot\\",
      "BasePath": "_content/PortfolioSite",
      "RelativePath": "skills/java.png",
      "AssetKind": "All",
      "AssetMode": "All",
      "AssetRole": "Primary",
      "AssetMergeBehavior": "PreferTarget",
      "AssetMergeSource": "",
      "RelatedAsset": "",
      "AssetTraitName": "",
      "AssetTraitValue": "",
      "CopyToOutputDirectory": "Never",
      "CopyToPublishDirectory": "PreserveNewest",
      "OriginalItemSpec": "wwwroot\\skills\\java.png"
    },
    {
      "Identity": "C:\\Users\\Jacob Artis\\Documents\\PortfolioSite\\wwwroot\\skills\\js.png",
      "SourceId": "PortfolioSite",
      "SourceType": "Discovered",
      "ContentRoot": "C:\\Users\\Jacob Artis\\Documents\\PortfolioSite\\wwwroot\\",
      "BasePath": "_content/PortfolioSite",
      "RelativePath": "skills/js.png",
      "AssetKind": "All",
      "AssetMode": "All",
      "AssetRole": "Primary",
      "AssetMergeBehavior": "PreferTarget",
      "AssetMergeSource": "",
      "RelatedAsset": "",
      "AssetTraitName": "",
      "AssetTraitValue": "",
      "CopyToOutputDirectory": "Never",
      "CopyToPublishDirectory": "PreserveNewest",
      "OriginalItemSpec": "wwwroot\\skills\\js.png"
    },
    {
      "Identity": "C:\\Users\\Jacob Artis\\Documents\\PortfolioSite\\wwwroot\\skills\\python.png",
      "SourceId": "PortfolioSite",
      "SourceType": "Discovered",
      "ContentRoot": "C:\\Users\\Jacob Artis\\Documents\\PortfolioSite\\wwwroot\\",
      "BasePath": "_content/PortfolioSite",
      "RelativePath": "skills/python.png",
      "AssetKind": "All",
      "AssetMode": "All",
      "AssetRole": "Primary",
      "AssetMergeBehavior": "PreferTarget",
      "AssetMergeSource": "",
      "RelatedAsset": "",
      "AssetTraitName": "",
      "AssetTraitValue": "",
      "CopyToOutputDirectory": "Never",
      "CopyToPublishDirectory": "PreserveNewest",
      "OriginalItemSpec": "wwwroot\\skills\\python.png"
    },
    {
      "Identity": "C:\\Users\\Jacob Artis\\Documents\\PortfolioSite\\wwwroot\\skills\\pytorch.png",
      "SourceId": "PortfolioSite",
      "SourceType": "Discovered",
      "ContentRoot": "C:\\Users\\Jacob Artis\\Documents\\PortfolioSite\\wwwroot\\",
      "BasePath": "_content/PortfolioSite",
      "RelativePath": "skills/pytorch.png",
      "AssetKind": "All",
      "AssetMode": "All",
      "AssetRole": "Primary",
      "AssetMergeBehavior": "PreferTarget",
      "AssetMergeSource": "",
      "RelatedAsset": "",
      "AssetTraitName": "",
      "AssetTraitValue": "",
      "CopyToOutputDirectory": "Never",
      "CopyToPublishDirectory": "PreserveNewest",
      "OriginalItemSpec": "wwwroot\\skills\\pytorch.png"
    },
    {
      "Identity": "C:\\Users\\Jacob Artis\\Documents\\PortfolioSite\\wwwroot\\TimeAttack.png",
      "SourceId": "PortfolioSite",
      "SourceType": "Discovered",
      "ContentRoot": "C:\\Users\\Jacob Artis\\Documents\\PortfolioSite\\wwwroot\\",
      "BasePath": "_content/PortfolioSite",
      "RelativePath": "TimeAttack.png",
      "AssetKind": "All",
      "AssetMode": "All",
      "AssetRole": "Primary",
      "AssetMergeBehavior": "PreferTarget",
      "AssetMergeSource": "",
      "RelatedAsset": "",
      "AssetTraitName": "",
      "AssetTraitValue": "",
      "CopyToOutputDirectory": "Never",
      "CopyToPublishDirectory": "PreserveNewest",
      "OriginalItemSpec": "wwwroot\\TimeAttack.png"
    },
    {
      "Identity": "C:\\Users\\Jacob Artis\\Documents\\PortfolioSite\\wwwroot\\waves.svg",
      "SourceId": "PortfolioSite",
      "SourceType": "Discovered",
      "ContentRoot": "C:\\Users\\Jacob Artis\\Documents\\PortfolioSite\\wwwroot\\",
      "BasePath": "_content/PortfolioSite",
      "RelativePath": "waves.svg",
      "AssetKind": "All",
      "AssetMode": "All",
      "AssetRole": "Primary",
      "AssetMergeBehavior": "PreferTarget",
      "AssetMergeSource": "",
      "RelatedAsset": "",
      "AssetTraitName": "",
      "AssetTraitValue": "",
      "CopyToOutputDirectory": "Never",
      "CopyToPublishDirectory": "PreserveNewest",
      "OriginalItemSpec": "wwwroot\\waves.svg"
    },
    {
      "Identity": "C:\\Users\\Jacob Artis\\Documents\\PortfolioSite\\wwwroot\\waves2.svg",
      "SourceId": "PortfolioSite",
      "SourceType": "Discovered",
      "ContentRoot": "C:\\Users\\Jacob Artis\\Documents\\PortfolioSite\\wwwroot\\",
      "BasePath": "_content/PortfolioSite",
      "RelativePath": "waves2.svg",
      "AssetKind": "All",
      "AssetMode": "All",
      "AssetRole": "Primary",
      "AssetMergeBehavior": "PreferTarget",
      "AssetMergeSource": "",
      "RelatedAsset": "",
      "AssetTraitName": "",
      "AssetTraitValue": "",
      "CopyToOutputDirectory": "Never",
      "CopyToPublishDirectory": "PreserveNewest",
      "OriginalItemSpec": "wwwroot\\waves2.svg"
    },
    {
      "Identity": "C:\\Users\\Jacob Artis\\Documents\\PortfolioSite\\wwwroot\\waves3.svg",
      "SourceId": "PortfolioSite",
      "SourceType": "Discovered",
      "ContentRoot": "C:\\Users\\Jacob Artis\\Documents\\PortfolioSite\\wwwroot\\",
      "BasePath": "_content/PortfolioSite",
      "RelativePath": "waves3.svg",
      "AssetKind": "All",
      "AssetMode": "All",
      "AssetRole": "Primary",
      "AssetMergeBehavior": "PreferTarget",
      "AssetMergeSource": "",
      "RelatedAsset": "",
      "AssetTraitName": "",
      "AssetTraitValue": "",
      "CopyToOutputDirectory": "Never",
      "CopyToPublishDirectory": "PreserveNewest",
      "OriginalItemSpec": "wwwroot\\waves3.svg"
    }
  ]
}